{"cameraMode":{"drawMode":0,"name":"Shaded","section":"Shading Mode"},"sceneLighting":false,"audioPlay":false,"sceneViewState":{"showFog":false,"showMaterialUpdate":false,"showSkybox":false,"showFlares":false,"showImageEffects":false,"showParticleSystems":false},"in2DMode":false,"pivot":{"x":-7.367264747619629,"y":4.794858455657959,"z":18.259929656982423},"rotation":{"x":-0.07863811403512955,"y":-0.24939590692520142,"z":0.020322244614362718,"w":-0.9650088548660278},"size":12.31261920928955,"orthographic":false}