{"cameraMode":{"drawMode":0,"name":"Shaded","section":"Shading Mode"},"sceneLighting":false,"audioPlay":false,"sceneViewState":{"showFog":false,"showMaterialUpdate":false,"showSkybox":false,"showFlares":false,"showImageEffects":false,"showParticleSystems":false},"in2DMode":false,"pivot":{"x":6.513108253479004,"y":-0.013207096606492997,"z":22.287818908691408},"rotation":{"x":-0.04962906986474991,"y":-0.08022035658359528,"z":0.003998282831162214,"w":-0.9955510497093201},"size":18.788021087646486,"orthographic":false}