{"cameraMode":{"drawMode":0,"name":"Shaded","section":"Shading Mode"},"sceneLighting":false,"audioPlay":false,"sceneViewState":{"showFog":false,"showMaterialUpdate":false,"showSkybox":false,"showFlares":false,"showImageEffects":false,"showParticleSystems":false},"in2DMode":false,"pivot":{"x":5.317503452301025,"y":-0.22651389241218568,"z":-13.915867805480957},"rotation":{"x":-0.025804469361901284,"y":-0.014400591142475605,"z":0.00036917158286087215,"w":-0.9995852112770081},"size":0.8436457514762878,"orthographic":false}