{"cameraMode":{"drawMode":0,"name":"Shaded","section":"Shading Mode"},"sceneLighting":false,"audioPlay":false,"sceneViewState":{"showFog":false,"showMaterialUpdate":false,"showSkybox":false,"showFlares":false,"showImageEffects":false,"showParticleSystems":false},"in2DMode":false,"pivot":{"x":8.066232681274414,"y":-2.163698196411133,"z":15.679644584655762},"rotation":{"x":-0.03302999213337898,"y":-0.127983957529068,"z":0.004263592418283224,"w":-0.9912351369857788},"size":11.797124862670899,"orthographic":false}