{"cameraMode":{"drawMode":0,"name":"Shaded","section":"Shading Mode"},"sceneLighting":false,"audioPlay":false,"sceneViewState":{"showFog":false,"showMaterialUpdate":false,"showSkybox":false,"showFlares":false,"showImageEffects":false,"showParticleSystems":false},"in2DMode":false,"pivot":{"x":-1.7476484775543213,"y":1.49069344997406,"z":1.8519374132156373},"rotation":{"x":-0.029989050701260568,"y":-0.08241868764162064,"z":0.0024765050038695337,"w":-0.996163010597229},"size":2.236241340637207,"orthographic":false}