{"cameraMode":{"drawMode":0,"name":"Shaded","section":"Shading Mode"},"sceneLighting":false,"audioPlay":false,"sceneViewState":{"showFog":false,"showMaterialUpdate":false,"showSkybox":false,"showFlares":false,"showImageEffects":false,"showParticleSystems":false},"in2DMode":false,"pivot":{"x":0.6833354234695435,"y":-2.3216187953948976,"z":4.5107951164245609},"rotation":{"x":-0.13183832168579102,"y":0.036269113421440127,"z":-0.004813839215785265,"w":-0.9906156063079834},"size":4.419413089752197,"orthographic":false}