{"cameraMode":{"drawMode":0,"name":"Shaded","section":"Shading Mode"},"sceneLighting":false,"audioPlay":false,"sceneViewState":{"showFog":false,"showMaterialUpdate":false,"showSkybox":false,"showFlares":false,"showImageEffects":false,"showParticleSystems":false},"in2DMode":false,"pivot":{"x":-11.348021507263184,"y":0.026508700102567674,"z":6.002399444580078},"rotation":{"x":-0.028202932327985765,"y":0.16414125263690949,"z":-0.0046994974836707119,"w":-0.986042857170105},"size":8.268691062927246,"orthographic":false}