{"cameraMode":{"drawMode":0,"name":"Shaded","section":"Shading Mode"},"sceneLighting":true,"audioPlay":false,"sceneViewState":{"showFog":false,"showMaterialUpdate":false,"showSkybox":false,"showFlares":false,"showImageEffects":false,"showParticleSystems":false},"in2DMode":false,"pivot":{"x":743.950439453125,"y":950.586181640625,"z":-1105.846435546875},"rotation":{"x":0.014901797287166119,"y":-0.019544946029782296,"z":-0.00029315362917259336,"w":-0.9997188448905945},"size":963.1468505859375,"orthographic":false}