{"cameraMode":{"drawMode":0,"name":"Shaded","section":"Shading Mode"},"sceneLighting":false,"audioPlay":false,"sceneViewState":{"showFog":false,"showMaterialUpdate":false,"showSkybox":false,"showFlares":false,"showImageEffects":false,"showParticleSystems":false},"in2DMode":false,"pivot":{"x":2.727965831756592,"y":-2.461167097091675,"z":3.6256802082061769},"rotation":{"x":-0.03458702191710472,"y":-0.010541643016040326,"z":0.00036013935459777713,"w":-0.9993657469749451},"size":3.3679769039154054,"orthographic":false}