{"cameraMode":{"drawMode":0,"name":"Shaded","section":"Shading Mode"},"sceneLighting":false,"audioPlay":false,"sceneViewState":{"showFog":false,"showMaterialUpdate":false,"showSkybox":false,"showFlares":false,"showImageEffects":false,"showParticleSystems":false},"in2DMode":false,"pivot":{"x":-4.927794933319092,"y":-2.3240251541137697,"z":9.221630096435547},"rotation":{"x":-0.13183832168579102,"y":0.036269113421440127,"z":-0.004813839215785265,"w":-0.9906156063079834},"size":9.316641807556153,"orthographic":false}