{"cameraMode":{"drawMode":0,"name":"Shaded","section":"Shading Mode"},"sceneLighting":true,"audioPlay":false,"sceneViewState":{"showFog":false,"showMaterialUpdate":false,"showSkybox":false,"showFlares":false,"showImageEffects":false,"showParticleSystems":false},"in2DMode":false,"pivot":{"x":770.86083984375,"y":862.1990966796875,"z":511.39544677734377},"rotation":{"x":0.05005492642521858,"y":0.19843943417072297,"z":-0.01015210710465908,"w":0.9788027405738831},"size":857.5933837890625,"orthographic":false}