{"cameraMode":{"drawMode":0,"name":"Shaded","section":"Shading Mode"},"sceneLighting":false,"audioPlay":false,"sceneViewState":{"showFog":false,"showMaterialUpdate":false,"showSkybox":false,"showFlares":false,"showImageEffects":false,"showParticleSystems":false},"in2DMode":false,"pivot":{"x":0.1180286854505539,"y":-0.07291290909051895,"z":-0.8002949357032776},"rotation":{"x":0.04625406861305237,"y":0.07629712671041489,"z":0.0035384721122682096,"w":-0.9960255026817322},"size":2.025754690170288,"orthographic":false}