{"cameraMode":{"drawMode":0,"name":"Shaded","section":"Shading Mode"},"sceneLighting":true,"audioPlay":false,"sceneViewState":{"showFog":false,"showMaterialUpdate":false,"showSkybox":false,"showFlares":false,"showImageEffects":false,"showParticleSystems":false},"in2DMode":false,"pivot":{"x":105.5383071899414,"y":431.45684814453127,"z":-14.017574310302735},"rotation":{"x":-0.03458702191710472,"y":-0.010541643016040326,"z":0.00036013935459777713,"w":-0.9993657469749451},"size":541.5101318359375,"orthographic":false}