{"cameraMode":{"drawMode":0,"name":"Shaded","section":"Shading Mode"},"sceneLighting":false,"audioPlay":false,"sceneViewState":{"showFog":false,"showMaterialUpdate":false,"showSkybox":false,"showFlares":false,"showImageEffects":false,"showParticleSystems":false},"in2DMode":false,"pivot":{"x":-4.08616828918457,"y":-2.102938413619995,"z":4.135257720947266},"rotation":{"x":-0.11051882803440094,"y":0.07888047397136688,"z":-0.008803820237517357,"w":-0.9907195568084717},"size":6.968037128448486,"orthographic":false}