{"cameraMode":{"drawMode":0,"name":"Shaded","section":"Shading Mode"},"sceneLighting":false,"audioPlay":false,"sceneViewState":{"showFog":false,"showMaterialUpdate":false,"showSkybox":false,"showFlares":false,"showImageEffects":false,"showParticleSystems":false},"in2DMode":false,"pivot":{"x":335.4365234375,"y":803.387939453125,"z":-27.05101776123047},"rotation":{"x":-0.05556241422891617,"y":-0.013740803115069867,"z":0.0007609283784404397,"w":-0.9983828067779541},"size":598.5902709960938,"orthographic":false}