{"cameraMode":{"drawMode":0,"name":"Shaded","section":"Shading Mode"},"sceneLighting":false,"audioPlay":false,"sceneViewState":{"showFog":false,"showMaterialUpdate":false,"showSkybox":false,"showFlares":false,"showImageEffects":false,"showParticleSystems":false},"in2DMode":false,"pivot":{"x":34.82481384277344,"y":-5.11821985244751,"z":37.151817321777347},"rotation":{"x":0.051247868686914447,"y":0.3860233426094055,"z":-0.021480705589056016,"w":0.9208365678787231},"size":27.728464126586915,"orthographic":false}