{"cameraMode":{"drawMode":0,"name":"Shaded","section":"Shading Mode"},"sceneLighting":false,"audioPlay":false,"sceneViewState":{"showFog":false,"showMaterialUpdate":false,"showSkybox":false,"showFlares":false,"showImageEffects":false,"showParticleSystems":false},"in2DMode":false,"pivot":{"x":-4.742688179016113,"y":-3.000868558883667,"z":14.962976455688477},"rotation":{"x":-0.11425226926803589,"y":-0.33794310688972475,"z":0.04136789217591286,"w":-0.9333095550537109},"size":15.624397277832032,"orthographic":false}