{"cameraMode":{"drawMode":0,"name":"Shaded","section":"Shading Mode"},"sceneLighting":false,"audioPlay":false,"sceneViewState":{"showFog":false,"showMaterialUpdate":false,"showSkybox":false,"showFlares":false,"showImageEffects":false,"showParticleSystems":false},"in2DMode":false,"pivot":{"x":5.16285514831543,"y":-4.221742630004883,"z":92.85469055175781},"rotation":{"x":-0.046793241053819659,"y":-0.0009042017045430839,"z":0.000041290106310043484,"w":-0.9989238977432251},"size":48.122947692871097,"orthographic":false}