{"cameraMode":{"drawMode":0,"name":"Shaded","section":"Shading Mode"},"sceneLighting":false,"audioPlay":false,"sceneViewState":{"showFog":false,"showMaterialUpdate":false,"showSkybox":false,"showFlares":false,"showImageEffects":false,"showParticleSystems":false},"in2DMode":false,"pivot":{"x":-2.9706056118011476,"y":1.3451650142669678,"z":4.61046838760376},"rotation":{"x":-0.01196680311113596,"y":0.14493221044540406,"z":-0.00175660930108279,"w":-0.9893901348114014},"size":5.733445167541504,"orthographic":false}