{"cameraMode":{"drawMode":0,"name":"Shaded","section":"Shading Mode"},"sceneLighting":false,"audioPlay":false,"sceneViewState":{"showFog":false,"showMaterialUpdate":false,"showSkybox":false,"showFlares":false,"showImageEffects":false,"showParticleSystems":false},"in2DMode":false,"pivot":{"x":-1.1720190048217774,"y":1.6560065746307374,"z":8.627229690551758},"rotation":{"x":-0.016398847103118898,"y":-0.026038652285933496,"z":-0.00042590295197442174,"w":0.9995465278625488},"size":5.950084209442139,"orthographic":false}