{"cameraMode":{"drawMode":0,"name":"Shaded","section":"Shading Mode"},"sceneLighting":false,"audioPlay":false,"sceneViewState":{"showFog":false,"showMaterialUpdate":false,"showSkybox":false,"showFlares":false,"showImageEffects":false,"showParticleSystems":false},"in2DMode":false,"pivot":{"x":-9.889238357543946,"y":2.547173023223877,"z":-4.657629013061523},"rotation":{"x":-0.05446261912584305,"y":-0.47097307443618777,"z":0.029146812856197358,"w":-0.8800039887428284},"size":11.676758766174317,"orthographic":false}