{"cameraMode":{"drawMode":0,"name":"Shaded","section":"Shading Mode"},"sceneLighting":false,"audioPlay":false,"sceneViewState":{"showFog":false,"showMaterialUpdate":false,"showSkybox":false,"showFlares":false,"showImageEffects":false,"showParticleSystems":false},"in2DMode":false,"pivot":{"x":-0.8578874468803406,"y":2.7311954498291017,"z":8.878600120544434},"rotation":{"x":0.008901889435946942,"y":-0.02554444968700409,"z":-0.00023260971647687256,"w":-0.9996554255485535},"size":4.335911750793457,"orthographic":false}