{"cameraMode":{"drawMode":0,"name":"Shaded","section":"Shading Mode"},"sceneLighting":false,"audioPlay":false,"sceneViewState":{"showFog":false,"showMaterialUpdate":false,"showSkybox":false,"showFlares":false,"showImageEffects":false,"showParticleSystems":false},"in2DMode":false,"pivot":{"x":-0.2545269727706909,"y":-0.3110118806362152,"z":0.6739070415496826},"rotation":{"x":-0.0003093699342571199,"y":-0.020404377952218057,"z":0.000002898611228374648,"w":-0.9998138546943665},"size":3.028538703918457,"orthographic":false}