{"cameraMode":{"drawMode":0,"name":"Shaded","section":"Shading Mode"},"sceneLighting":false,"audioPlay":false,"sceneViewState":{"showFog":false,"showMaterialUpdate":false,"showSkybox":false,"showFlares":false,"showImageEffects":false,"showParticleSystems":false},"in2DMode":false,"pivot":{"x":1.1216025352478028,"y":9.880073547363282,"z":18.63188934326172},"rotation":{"x":-0.060122743248939517,"y":0.07090767472982407,"z":-0.00427602045238018,"w":-0.9956780076026917},"size":46.73666000366211,"orthographic":false}