{"cameraMode":{"drawMode":0,"name":"Shaded","section":"Shading Mode"},"sceneLighting":false,"audioPlay":false,"sceneViewState":{"showFog":false,"showMaterialUpdate":false,"showSkybox":false,"showFlares":false,"showImageEffects":false,"showParticleSystems":false},"in2DMode":false,"pivot":{"x":0.0,"y":-0.04265880584716797,"z":0.0020782947540283205},"rotation":{"x":0.0777592733502388,"y":-0.2624077796936035,"z":-0.021220620721578599,"w":-0.96158766746521},"size":0.8268464207649231,"orthographic":false}