{"cameraMode":{"drawMode":0,"name":"Shaded","section":"Shading Mode"},"sceneLighting":false,"audioPlay":false,"sceneViewState":{"showFog":false,"showMaterialUpdate":false,"showSkybox":false,"showFlares":false,"showImageEffects":false,"showParticleSystems":false},"in2DMode":false,"pivot":{"x":14.340272903442383,"y":-3.2645726203918459,"z":5.302196979522705},"rotation":{"x":-0.16336601972579957,"y":-0.3074602782726288,"z":0.05366265028715134,"w":-0.935914933681488},"size":11.54789924621582,"orthographic":false}