{"cameraMode":{"drawMode":0,"name":"Shaded","section":"Shading Mode"},"sceneLighting":false,"audioPlay":false,"sceneViewState":{"showFog":false,"showMaterialUpdate":false,"showSkybox":false,"showFlares":false,"showImageEffects":false,"showParticleSystems":false},"in2DMode":false,"pivot":{"x":-9.397589683532715,"y":-0.543291449546814,"z":7.2521257400512699},"rotation":{"x":-0.061555683612823489,"y":-0.007533879019320011,"z":0.0004598038794938475,"w":-0.9980949759483337},"size":6.629156112670898,"orthographic":false}