{"cameraMode":{"drawMode":0,"name":"Shaded","section":"Shading Mode"},"sceneLighting":false,"audioPlay":false,"sceneViewState":{"showFog":false,"showMaterialUpdate":false,"showSkybox":false,"showFlares":false,"showImageEffects":false,"showParticleSystems":false},"in2DMode":false,"pivot":{"x":0.6563339233398438,"y":4.791727542877197,"z":6.272371292114258},"rotation":{"x":-0.05118346959352493,"y":-0.06377898901700974,"z":0.003274159738793969,"w":-0.9966639876365662},"size":4.840559959411621,"orthographic":false}