{"cameraMode":{"drawMode":0,"name":"Shaded","section":"Shading Mode"},"sceneLighting":true,"audioPlay":false,"sceneViewState":{"showFog":false,"showMaterialUpdate":false,"showSkybox":false,"showFlares":false,"showImageEffects":false,"showParticleSystems":false},"in2DMode":false,"pivot":{"x":-337.6207275390625,"y":1340.3880615234375,"z":58.351318359375},"rotation":{"x":-0.03458702191710472,"y":-0.010541643016040326,"z":0.00036013935459777713,"w":-0.9993657469749451},"size":1509.4346923828125,"orthographic":false}