{"cameraMode":{"drawMode":0,"name":"Shaded","section":"Shading Mode"},"sceneLighting":false,"audioPlay":false,"sceneViewState":{"showFog":false,"showMaterialUpdate":false,"showSkybox":false,"showFlares":false,"showImageEffects":false,"showParticleSystems":false},"in2DMode":false,"pivot":{"x":1.8779799938201905,"y":1.3838636875152588,"z":9.57235336303711},"rotation":{"x":-0.08421336859464646,"y":-0.18513864278793336,"z":0.015924852341413499,"w":-0.9789867401123047},"size":7.127718448638916,"orthographic":false}