{"cameraMode":{"drawMode":0,"name":"Shaded","section":"Shading Mode"},"sceneLighting":false,"audioPlay":false,"sceneViewState":{"showFog":false,"showMaterialUpdate":false,"showSkybox":false,"showFlares":false,"showImageEffects":false,"showParticleSystems":false},"in2DMode":false,"pivot":{"x":-2.2029294967651369,"y":1.1221110820770264,"z":6.745588302612305},"rotation":{"x":0.022315341979265214,"y":-0.08841170370578766,"z":-0.001985234906896949,"w":-0.9958524107933044},"size":9.071648597717286,"orthographic":false}