{"cameraMode":{"drawMode":0,"name":"Shaded","section":"Shading Mode"},"sceneLighting":true,"audioPlay":false,"sceneViewState":{"showFog":false,"showMaterialUpdate":false,"showSkybox":false,"showFlares":false,"showImageEffects":false,"showParticleSystems":false},"in2DMode":false,"pivot":{"x":1.8803948163986207,"y":-2.3187007904052736,"z":4.7311201095581059},"rotation":{"x":-0.025544632226228715,"y":-0.06149008870124817,"z":0.0015695476904511452,"w":-0.9977986812591553},"size":2.7777841091156008,"orthographic":false}