{"cameraMode":{"drawMode":0,"name":"Shaded","section":"Shading Mode"},"sceneLighting":false,"audioPlay":false,"sceneViewState":{"showFog":false,"showMaterialUpdate":false,"showSkybox":false,"showFlares":false,"showImageEffects":false,"showParticleSystems":false},"in2DMode":false,"pivot":{"x":0.1459144651889801,"y":-1.974677562713623,"z":9.645135879516602},"rotation":{"x":-0.08570527285337448,"y":0.0035816554445773365,"z":-0.00030997704016044736,"w":-0.9963330030441284},"size":7.389718055725098,"orthographic":false}