{"cameraMode":{"drawMode":0,"name":"Shaded","section":"Shading Mode"},"sceneLighting":false,"audioPlay":false,"sceneViewState":{"showFog":false,"showMaterialUpdate":false,"showSkybox":false,"showFlares":false,"showImageEffects":false,"showParticleSystems":false},"in2DMode":false,"pivot":{"x":-1.9143335819244385,"y":-3.2710771560668947,"z":-0.24943792819976808},"rotation":{"x":-0.09343969076871872,"y":-0.28926533460617068,"z":0.02838311903178692,"w":-0.9522739052772522},"size":9.07054328918457,"orthographic":false}