{"cameraMode":{"drawMode":0,"name":"Shaded","section":"Shading Mode"},"sceneLighting":false,"audioPlay":false,"sceneViewState":{"showFog":false,"showMaterialUpdate":false,"showSkybox":false,"showFlares":false,"showImageEffects":false,"showParticleSystems":false},"in2DMode":false,"pivot":{"x":-0.9640375375747681,"y":2.5432450771331789,"z":8.111757278442383},"rotation":{"x":-0.01659243553876877,"y":-0.016544979065656663,"z":0.00026963945128954947,"w":-0.9997441172599793},"size":7.634243965148926,"orthographic":false}