{"cameraMode":{"drawMode":0,"name":"Shaded","section":"Shading Mode"},"sceneLighting":false,"audioPlay":false,"sceneViewState":{"showFog":false,"showMaterialUpdate":false,"showSkybox":false,"showFlares":false,"showImageEffects":false,"showParticleSystems":false},"in2DMode":false,"pivot":{"x":-0.5665782690048218,"y":-1.0672580003738404,"z":7.770755290985107},"rotation":{"x":-0.0255921371281147,"y":-0.00754555081948638,"z":0.00018829030159395188,"w":-0.9996638298034668},"size":7.075592041015625,"orthographic":false}