{"cameraMode":{"drawMode":0,"name":"Shaded","section":"Shading Mode"},"sceneLighting":false,"audioPlay":false,"sceneViewState":{"showFog":false,"showMaterialUpdate":false,"showSkybox":false,"showFlares":false,"showImageEffects":false,"showParticleSystems":false},"in2DMode":false,"pivot":{"x":69.33106994628906,"y":6.743893623352051,"z":-23.682266235351564},"rotation":{"x":-0.1277889907360077,"y":-0.13288460671901704,"z":0.01727592572569847,"w":-0.9827226996421814},"size":56.356685638427737,"orthographic":false}