{"cameraMode":{"drawMode":0,"name":"Shaded","section":"Shading Mode"},"sceneLighting":false,"audioPlay":false,"sceneViewState":{"showFog":false,"showMaterialUpdate":false,"showSkybox":false,"showFlares":false,"showImageEffects":false,"showParticleSystems":false},"in2DMode":false,"pivot":{"x":-0.27724581956863406,"y":1.0369377136230469,"z":4.946371078491211},"rotation":{"x":-0.03409372270107269,"y":-0.16863904893398286,"z":0.005831882823258638,"w":-0.9850905537605286},"size":3.3679769039154054,"orthographic":false}