{"cameraMode":{"drawMode":0,"name":"Shaded","section":"Shading Mode"},"sceneLighting":false,"audioPlay":false,"sceneViewState":{"showFog":false,"showMaterialUpdate":false,"showSkybox":false,"showFlares":false,"showImageEffects":false,"showParticleSystems":false},"in2DMode":false,"pivot":{"x":11.517454147338868,"y":-2.626981258392334,"z":6.919236183166504},"rotation":{"x":-0.017709502950310708,"y":-0.6301206946372986,"z":0.014372870326042176,"w":-0.7761858701705933},"size":11.443310737609864,"orthographic":false}